<?xml version="1.0" encoding="Windows-1252" ?>
  <NotepadPlus>
  <AutoComplete>
  <Environment ignoreCase="no" startFunc="(" stopFunc=")"
  paramSeparator="," terminal=";" /><KeyWord name="AND" />
<KeyWord name="AliceBlue" />
<KeyWord name="Align" />
<KeyWord name="Allow" />
<KeyWord name="AntiqueWhite" />
<KeyWord name="Apricot" />
<KeyWord name="Aqua" />
<KeyWord name="Aquamarine" />
<KeyWord name="Arc" />
<KeyWord name="ArcArrow" />
<KeyWord name="ArcArrows" />
<KeyWord name="Arrow" />
<KeyWord name="Arrows" />
<KeyWord name="Aspect" />
<KeyWord name="AtA" />
<KeyWord name="Automatic" />
<KeyWord name="AvantGarde" />
<KeyWord name="Azure" />
<KeyWord name="B03" />
<KeyWord name="B13" />
<KeyWord name="B23" />
<KeyWord name="B33" />
<KeyWord name="BBox" />
<KeyWord name="BWRainbow" />
<KeyWord name="BWRainbow2" />
<KeyWord name="Bar" />
<KeyWord name="Bars" />
<KeyWord name="BeginArcArrow" />
<KeyWord name="BeginArrow" />
<KeyWord name="BeginBar" />
<KeyWord name="BeginDotMargin" />
<KeyWord name="BeginMargin" />
<KeyWord name="BeginPenMargin" />
<KeyWord name="BeginPoint" />
<KeyWord name="Beige" />
<KeyWord name="Bisque" />
<KeyWord name="Bittersweet" />
<KeyWord name="Black" />
<KeyWord name="BlanchedAlmond" />
<KeyWord name="Blank" />
<KeyWord name="Blue" />
<KeyWord name="BlueGreen" />
<KeyWord name="BlueViolet" />
<KeyWord name="Bookman" />
<KeyWord name="Both" />
<KeyWord name="Bottom" />
<KeyWord name="BottomTop" />
<KeyWord name="Bounds" />
<KeyWord name="Braid" />
<KeyWord name="Break" />
<KeyWord name="Break" />
<KeyWord name="BrickRed" />
<KeyWord name="Broken" />
<KeyWord name="BrokenLog" />
<KeyWord name="Brown" />
<KeyWord name="BurlyWood" />
<KeyWord name="BurntOrange" />
<KeyWord name="CCW" />
<KeyWord name="CLZ" />
<KeyWord name="CTZ" />
<KeyWord name="CW" />
<KeyWord name="CadetBlue" />
<KeyWord name="CarnationPink" />
<KeyWord name="Ceil" />
<KeyWord name="Center" />
<KeyWord name="Centered" />
<KeyWord name="Cerulean" />
<KeyWord name="Chartreuse" />
<KeyWord name="Chocolate" />
<KeyWord name="Circle" />
<KeyWord name="CircleBarIntervalMarker" />
<KeyWord name="Coeff" />
<KeyWord name="Coral" />
<KeyWord name="CornflowerBlue" />
<KeyWord name="Cornsilk" />
<KeyWord name="Cos" />
<KeyWord name="Courier" />
<KeyWord name="Crimson" />
<KeyWord name="Crop" />
<KeyWord name="CrossIntervalMarker" />
<KeyWord name="Cyan" />
<KeyWord name="DOSendl" />
<KeyWord name="DOSnewl" />
<KeyWord name="Dandelion" />
<KeyWord name="DarkBlue" />
<KeyWord name="DarkCyan" />
<KeyWord name="DarkGoldenrod" />
<KeyWord name="DarkGray" />
<KeyWord name="DarkGreen" />
<KeyWord name="DarkKhaki" />
<KeyWord name="DarkMagenta" />
<KeyWord name="DarkOliveGreen" />
<KeyWord name="DarkOrange" />
<KeyWord name="DarkOrchid" />
<KeyWord name="DarkRed" />
<KeyWord name="DarkSalmon" />
<KeyWord name="DarkSeaGreen" />
<KeyWord name="DarkSlateBlue" />
<KeyWord name="DarkSlateGray" />
<KeyWord name="DarkTurquoise" />
<KeyWord name="DarkViolet" />
<KeyWord name="DeepPink" />
<KeyWord name="DeepSkyBlue" />
<KeyWord name="DefaultFormat" />
<KeyWord name="DefaultHead" />
<KeyWord name="DefaultLogFormat" />
<KeyWord name="Degrees" />
<KeyWord name="DimGray" />
<KeyWord name="Dir" />
<KeyWord name="DodgerBlue" />
<KeyWord name="DotMargin" />
<KeyWord name="DotMargins" />
<KeyWord name="Dotted" />
<KeyWord name="Dotted" />
<KeyWord name="Down" />
<KeyWord name="Draw" />
<KeyWord name="Draw" />
<KeyWord name="Drawline" />
<KeyWord name="E" />
<KeyWord name="ENE" />
<KeyWord name="EPS" />
<KeyWord name="ESE" />
<KeyWord name="E_Euler" />
<KeyWord name="E_PC" />
<KeyWord name="E_RK2" />
<KeyWord name="E_RK3BS" />
<KeyWord name="Embed" />
<KeyWord name="Emerald" />
<KeyWord name="EndArcArrow" />
<KeyWord name="EndArrow" />
<KeyWord name="EndBar" />
<KeyWord name="EndDotMargin" />
<KeyWord name="EndMargin" />
<KeyWord name="EndPenMargin" />
<KeyWord name="EndPoint" />
<KeyWord name="Euler" />
<KeyWord name="Fill" />
<KeyWord name="Fill" />
<KeyWord name="FillDraw" />
<KeyWord name="FillDraw" />
<KeyWord name="FireBrick" />
<KeyWord name="FitResult" />
<KeyWord name="Floor" />
<KeyWord name="FloralWhite" />
<KeyWord name="ForestGreen" />
<KeyWord name="Format" />
<KeyWord name="Fuchsia" />
<KeyWord name="Full" />
<KeyWord name="Gainsboro" />
<KeyWord name="Gaussian" />
<KeyWord name="Gaussrand" />
<KeyWord name="Gaussrandpair" />
<KeyWord name="GhostWhite" />
<KeyWord name="Gold" />
<KeyWord name="Goldenrod" />
<KeyWord name="Gradient" />
<KeyWord name="Gray" />
<KeyWord name="Grayscale" />
<KeyWord name="Green" />
<KeyWord name="GreenYellow" />
<KeyWord name="Helvetica" />
<KeyWord name="Hermite" />
<KeyWord name="Honeydew" />
<KeyWord name="HookHead" />
<KeyWord name="HookHead" />
<KeyWord name="Horizontal" />
<KeyWord name="HotPink" />
<KeyWord name="I" />
<KeyWord name="IgnoreAspect" />
<KeyWord name="InOutTicks" />
<KeyWord name="InTicks" />
<KeyWord name="IndianRed" />
<KeyWord name="Indigo" />
<KeyWord name="Ivory" />
<KeyWord name="JOIN_IN" />
<KeyWord name="JOIN_OUT" />
<KeyWord name="Jn" />
<KeyWord name="JungleGreen" />
<KeyWord name="Khaki" />
<KeyWord name="LM_DWARF" />
<KeyWord name="LM_MACHEP" />
<KeyWord name="LM_SQRT_DWARF" />
<KeyWord name="LM_SQRT_GIANT" />
<KeyWord name="LM_USERTOL" />
<KeyWord name="Label" />
<KeyWord name="Label" />
<KeyWord name="Label" />
<KeyWord name="Landscape" />
<KeyWord name="Lavender" />
<KeyWord name="LavenderBlush" />
<KeyWord name="LawnGreen" />
<KeyWord name="Left" />
<KeyWord name="Left" />
<KeyWord name="LeftJustified" />
<KeyWord name="LeftRight" />
<KeyWord name="LeftSide" />
<KeyWord name="LeftTicks" />
<KeyWord name="Legend" />
<KeyWord name="Legend" />
<KeyWord name="LemonChiffon" />
<KeyWord name="LightBlue" />
<KeyWord name="LightCoral" />
<KeyWord name="LightCyan" />
<KeyWord name="LightGoldenrodYellow" />
<KeyWord name="LightGreen" />
<KeyWord name="LightGrey" />
<KeyWord name="LightPink" />
<KeyWord name="LightSalmon" />
<KeyWord name="LightSeaGreen" />
<KeyWord name="LightSkyBlue" />
<KeyWord name="LightSlateGray" />
<KeyWord name="LightSteelBlue" />
<KeyWord name="LightYellow" />
<KeyWord name="Lime" />
<KeyWord name="LimeGreen" />
<KeyWord name="Linear" />
<KeyWord name="Linear" />
<KeyWord name="Linen" />
<KeyWord name="Log" />
<KeyWord name="Log" />
<KeyWord name="LogFormat" />
<KeyWord name="Logarithmic" />
<KeyWord name="Magenta" />
<KeyWord name="Mahogany" />
<KeyWord name="Margin" />
<KeyWord name="Margins" />
<KeyWord name="Mark" />
<KeyWord name="Mark" />
<KeyWord name="MarkFill" />
<KeyWord name="MarkPath" />
<KeyWord name="Maroon" />
<KeyWord name="Max" />
<KeyWord name="MediumAquamarine" />
<KeyWord name="MediumBlue" />
<KeyWord name="MediumOrchid" />
<KeyWord name="MediumPurple" />
<KeyWord name="MediumSeaGreen" />
<KeyWord name="MediumSlateBlue" />
<KeyWord name="MediumSpringGreen" />
<KeyWord name="MediumTurquoise" />
<KeyWord name="MediumVioletRed" />
<KeyWord name="Melon" />
<KeyWord name="MidArcArrow" />
<KeyWord name="MidArrow" />
<KeyWord name="MidPoint" />
<KeyWord name="MidnightBlue" />
<KeyWord name="Min" />
<KeyWord name="MintCream" />
<KeyWord name="MistyRose" />
<KeyWord name="Moccasin" />
<KeyWord name="Move" />
<KeyWord name="MoveQuiet" />
<KeyWord name="Mulberry" />
<KeyWord name="N" />
<KeyWord name="NE" />
<KeyWord name="NNE" />
<KeyWord name="NNW" />
<KeyWord name="NOT" />
<KeyWord name="NULL_VERTEX" />
<KeyWord name="NW" />
<KeyWord name="NavajoWhite" />
<KeyWord name="Navy" />
<KeyWord name="NavyBlue" />
<KeyWord name="NewCenturySchoolBook" />
<KeyWord name="NoAlign" />
<KeyWord name="NoBox" />
<KeyWord name="NoCrop" />
<KeyWord name="NoFill" />
<KeyWord name="NoMargin" />
<KeyWord name="NoModifier" />
<KeyWord name="NoSide" />
<KeyWord name="NoTicks" />
<KeyWord name="NoTicks3" />
<KeyWord name="NoZero" />
<KeyWord name="NoZeroFormat" />
<KeyWord name="None" />
<KeyWord name="OR" />
<KeyWord name="OldLace" />
<KeyWord name="Olive" />
<KeyWord name="OliveDrab" />
<KeyWord name="OliveGreen" />
<KeyWord name="OmitFormat" />
<KeyWord name="OmitTick" />
<KeyWord name="OmitTickInterval" />
<KeyWord name="OmitTickIntervals" />
<KeyWord name="Orange" />
<KeyWord name="OrangeRed" />
<KeyWord name="Orchid" />
<KeyWord name="OutTicks" />
<KeyWord name="Ox" />
<KeyWord name="Ox" />
<KeyWord name="Oy" />
<KeyWord name="Oy" />
<KeyWord name="PC" />
<KeyWord name="Palatino" />
<KeyWord name="PaleGoldenrod" />
<KeyWord name="PaleGreen" />
<KeyWord name="PaleTurquoise" />
<KeyWord name="PaleVioletRed" />
<KeyWord name="PaletteTicks" />
<KeyWord name="PapayaWhip" />
<KeyWord name="Peach" />
<KeyWord name="PeachPuff" />
<KeyWord name="Pen" />
<KeyWord name="PenMargin" />
<KeyWord name="PenMargins" />
<KeyWord name="Pentype" />
<KeyWord name="Periwinkle" />
<KeyWord name="Peru" />
<KeyWord name="PineGreen" />
<KeyWord name="Pink" />
<KeyWord name="Plum" />
<KeyWord name="Portrait" />
<KeyWord name="PowderBlue" />
<KeyWord name="ProcessBlue" />
<KeyWord name="Purple" />
<KeyWord name="RK2" />
<KeyWord name="RK3" />
<KeyWord name="RK3BS" />
<KeyWord name="RK4" />
<KeyWord name="RK5" />
<KeyWord name="RK5DP" />
<KeyWord name="RK5F" />
<KeyWord name="RadialShade" />
<KeyWord name="RadialShadeDraw" />
<KeyWord name="Rainbow" />
<KeyWord name="Range" />
<KeyWord name="RawSienna" />
<KeyWord name="Red" />
<KeyWord name="RedOrange" />
<KeyWord name="RedViolet" />
<KeyWord name="Relative" />
<KeyWord name="Rhodamine" />
<KeyWord name="Right" />
<KeyWord name="Right" />
<KeyWord name="RightJustified" />
<KeyWord name="RightSide" />
<KeyWord name="RightTicks" />
<KeyWord name="RosyBrown" />
<KeyWord name="Rotate" />
<KeyWord name="Round" />
<KeyWord name="RoyalBlue" />
<KeyWord name="RoyalPurple" />
<KeyWord name="RubineRed" />
<KeyWord name="S" />
<KeyWord name="SE" />
<KeyWord name="SQR" />
<KeyWord name="SSE" />
<KeyWord name="SSW" />
<KeyWord name="SW" />
<KeyWord name="SaddleBrown" />
<KeyWord name="Salmon" />
<KeyWord name="SandyBrown" />
<KeyWord name="Scale" />
<KeyWord name="ScaleX" />
<KeyWord name="ScaleY" />
<KeyWord name="ScaleZ" />
<KeyWord name="SeaGreen" />
<KeyWord name="Seascape" />
<KeyWord name="Seashell" />
<KeyWord name="Sepia" />
<KeyWord name="Shift" />
<KeyWord name="Sienna" />
<KeyWord name="Silver" />
<KeyWord name="SimpleHead" />
<KeyWord name="Sin" />
<KeyWord name="SkyBlue" />
<KeyWord name="Slant" />
<KeyWord name="SlateBlue" />
<KeyWord name="SlateGray" />
<KeyWord name="Snow" />
<KeyWord name="Solution" />
<KeyWord name="Spline" />
<KeyWord name="SpringGreen" />
<KeyWord name="SteelBlue" />
<KeyWord name="StickIntervalMarker" />
<KeyWord name="Straight" />
<KeyWord name="Suppress" />
<KeyWord name="SuppressQuiet" />
<KeyWord name="Symbol" />
<KeyWord name="Tan" />
<KeyWord name="Tan" />
<KeyWord name="TeXHead" />
<KeyWord name="TeXify" />
<KeyWord name="Teal" />
<KeyWord name="TealBlue" />
<KeyWord name="Thistle" />
<KeyWord name="Ticks" />
<KeyWord name="Ticks3" />
<KeyWord name="Ticksize" />
<KeyWord name="TildeIntervalMarker" />
<KeyWord name="TimesRoman" />
<KeyWord name="Tomato" />
<KeyWord name="Top" />
<KeyWord name="TreeNode" />
<KeyWord name="TrueMargin" />
<KeyWord name="Turquoise" />
<KeyWord name="UnFill" />
<KeyWord name="UnFill" />
<KeyWord name="Up" />
<KeyWord name="UpsideDown" />
<KeyWord name="VERSION" />
<KeyWord name="Value" />
<KeyWord name="Vertical" />
<KeyWord name="Violet" />
<KeyWord name="VioletRed" />
<KeyWord name="W" />
<KeyWord name="WNW" />
<KeyWord name="WSW" />
<KeyWord name="Wheat" />
<KeyWord name="Wheel" />
<KeyWord name="White" />
<KeyWord name="WhiteSmoke" />
<KeyWord name="WildStrawberry" />
<KeyWord name="X" />
<KeyWord name="XEquals" />
<KeyWord name="XHIGH" />
<KeyWord name="XLOW" />
<KeyWord name="XOR" />
<KeyWord name="XY" />
<KeyWord name="XYAlign" />
<KeyWord name="XYEquals" />
<KeyWord name="XYZero" />
<KeyWord name="XYgrid" />
<KeyWord name="XZEquals" />
<KeyWord name="XZZero" />
<KeyWord name="XZero" />
<KeyWord name="XZgrid" />
<KeyWord name="Y" />
<KeyWord name="YAlign" />
<KeyWord name="YEquals" />
<KeyWord name="YHIGH" />
<KeyWord name="YLOW" />
<KeyWord name="YXgrid" />
<KeyWord name="YZ" />
<KeyWord name="YZEquals" />
<KeyWord name="YZZero" />
<KeyWord name="YZero" />
<KeyWord name="YZgrid" />
<KeyWord name="Yellow" />
<KeyWord name="YellowGreen" />
<KeyWord name="YellowOrange" />
<KeyWord name="Yn" />
<KeyWord name="Z" />
<KeyWord name="ZHIGH" />
<KeyWord name="ZLOW" />
<KeyWord name="ZX" />
<KeyWord name="ZXgrid" />
<KeyWord name="ZYgrid" />
<KeyWord name="ZapfChancery" />
<KeyWord name="ZapfDingbats" />
<KeyWord name="_begingroup3" />
<KeyWord name="_cputime" />
<KeyWord name="_draw" />
<KeyWord name="_eval" />
<KeyWord name="_findroot" />
<KeyWord name="_image" />
<KeyWord name="_labelpath" />
<KeyWord name="_projection" />
<KeyWord name="_strokepath" />
<KeyWord name="_texpath" />
<KeyWord name="aCos" />
<KeyWord name="aSin" />
<KeyWord name="aTan" />
<KeyWord name="abort" />
<KeyWord name="abs" />
<KeyWord name="abscissa" />
<KeyWord name="accel" />
<KeyWord name="access" />
<KeyWord name="acos" />
<KeyWord name="acosh" />
<KeyWord name="acot" />
<KeyWord name="acsc" />
<KeyWord name="activatequote" />
<KeyWord name="add" />
<KeyWord name="addArrow" />
<KeyWord name="addMargins" />
<KeyWord name="addSaveFunction" />
<KeyWord name="addpenarc" />
<KeyWord name="addpenarc" />
<KeyWord name="addpenline" />
<KeyWord name="addpenline" />
<KeyWord name="addseg" />
<KeyWord name="adjust" />
<KeyWord name="alias" />
<KeyWord name="align" />
<KeyWord name="align" />
<KeyWord name="all" />
<KeyWord name="allowstepping" />
<KeyWord name="altitude" />
<KeyWord name="and" />
<KeyWord name="angabscissa" />
<KeyWord name="angle" />
<KeyWord name="angledegrees" />
<KeyWord name="angpoint" />
<KeyWord name="angularsystem" />
<KeyWord name="animate" />
<KeyWord name="animationdelay" />
<KeyWord name="annotate" />
<KeyWord name="anticomplementary" />
<KeyWord name="antipedal" />
<KeyWord name="appendsuffix" />
<KeyWord name="apply" />
<KeyWord name="approximate" />
<KeyWord name="arc" />
<KeyWord name="arc" />
<KeyWord name="arcarrowangle" />
<KeyWord name="arcarrowfactor" />
<KeyWord name="arcarrowsize" />
<KeyWord name="arccircle" />
<KeyWord name="arcdir" />
<KeyWord name="arcfromcenter" />
<KeyWord name="arcfromfocus" />
<KeyWord name="arclength" />
<KeyWord name="arcnodesnumber" />
<KeyWord name="arcpoint" />
<KeyWord name="arcsubtended" />
<KeyWord name="arcsubtendedcenter" />
<KeyWord name="arctime" />
<KeyWord name="arctopath" />
<KeyWord name="array" />
<KeyWord name="arrow" />
<KeyWord name="arrow2" />
<KeyWord name="arrow2sizelimit" />
<KeyWord name="arrowangle" />
<KeyWord name="arrowbarb" />
<KeyWord name="arrowbase" />
<KeyWord name="arrowbasepoints" />
<KeyWord name="arrowdir" />
<KeyWord name="arrowfactor" />
<KeyWord name="arrowhead" />
<KeyWord name="arrowhookfactor" />
<KeyWord name="arrowlength" />
<KeyWord name="arrowsize" />
<KeyWord name="arrowsizelimit" />
<KeyWord name="arrowtexfactor" />
<KeyWord name="ascii" />
<KeyWord name="asec" />
<KeyWord name="asin" />
<KeyWord name="asinh" />
<KeyWord name="ask" />
<KeyWord name="assert" />
<KeyWord name="asy" />
<KeyWord name="asycode" />
<KeyWord name="asydir" />
<KeyWord name="asyfigure" />
<KeyWord name="asyfilecode" />
<KeyWord name="asyinclude" />
<KeyWord name="asywrite" />
<KeyWord name="atan" />
<KeyWord name="atan2" />
<KeyWord name="atanh" />
<KeyWord name="atbreakpoint" />
<KeyWord name="atexit" />
<KeyWord name="atleast" />
<KeyWord name="attach" />
<KeyWord name="attract" />
<KeyWord name="atupdate" />
<KeyWord name="authorpen" />
<KeyWord name="autoformat" />
<KeyWord name="autoscale" />
<KeyWord name="autoscale3" />
<KeyWord name="axes" />
<KeyWord name="axes3" />
<KeyWord name="axialshade" />
<KeyWord name="axis" />
<KeyWord name="axis" />
<KeyWord name="axiscoverage" />
<KeyWord name="axiscoverage" />
<KeyWord name="axislabelfactor" />
<KeyWord name="azimuth" />
<KeyWord name="babel" />
<KeyWord name="background" />
<KeyWord name="background" />
<KeyWord name="backgroundcolor" />
<KeyWord name="backgroundpen" />
<KeyWord name="bangles" />
<KeyWord name="bar" />
<KeyWord name="barfactor" />
<KeyWord name="barmarksize" />
<KeyWord name="barmarksizefactor" />
<KeyWord name="barsize" />
<KeyWord name="basealign" />
<KeyWord name="basealign" />
<KeyWord name="baseline" />
<KeyWord name="baselinetemplate" />
<KeyWord name="bbox" />
<KeyWord name="beep" />
<KeyWord name="begin" />
<KeyWord name="beginclip" />
<KeyWord name="begingroup" />
<KeyWord name="beginpoint" />
<KeyWord name="bernstein" />
<KeyWord name="between" />
<KeyWord name="bevel" />
<KeyWord name="beveljoin" />
<KeyWord name="bezier" />
<KeyWord name="bezierP" />
<KeyWord name="bezierPP" />
<KeyWord name="bezierPPP" />
<KeyWord name="bezulate" />
<KeyWord name="bibliography" />
<KeyWord name="bibliographystyle" />
<KeyWord name="bigvertexpen" />
<KeyWord name="bigvertexsize" />
<KeyWord name="binarytree" />
<KeyWord name="binarytree" />
<KeyWord name="binarytreeNode" />
<KeyWord name="binarytreeNode" />
<KeyWord name="binomial" />
<KeyWord name="bins" />
<KeyWord name="bisector" />
<KeyWord name="bisectorpoint" />
<KeyWord name="bispline" />
<KeyWord name="black" />
<KeyWord name="blend" />
<KeyWord name="block" />
<KeyWord name="blockconnector" />
<KeyWord name="blue" />
<KeyWord name="bm" />
<KeyWord name="bool" />
<KeyWord name="bool3" />
<KeyWord name="bottom" />
<KeyWord name="bounds" />
<KeyWord name="box" />
<KeyWord name="bp" />
<KeyWord name="bqe" />
<KeyWord name="bqe" />
<KeyWord name="brace" />
<KeyWord name="bracedefaultratio" />
<KeyWord name="braceinnerangle" />
<KeyWord name="bracemidangle" />
<KeyWord name="braceouterangle" />
<KeyWord name="break" />
<KeyWord name="breakpoint" />
<KeyWord name="breakpoints" />
<KeyWord name="brick" />
<KeyWord name="brown" />
<KeyWord name="buildRestoreDefaults" />
<KeyWord name="buildRestoreThunk" />
<KeyWord name="buildcycle" />
<KeyWord name="bullet" />
<KeyWord name="bulletcolor" />
<KeyWord name="byfoci" />
<KeyWord name="byte" />
<KeyWord name="byvertices" />
<KeyWord name="calculateScaling" />
<KeyWord name="camerafactor" />
<KeyWord name="canonical" />
<KeyWord name="canonicalcartesiansystem" />
<KeyWord name="cartesiansystem" />
<KeyWord name="case1" />
<KeyWord name="case2" />
<KeyWord name="case3" />
<KeyWord name="cbrt" />
<KeyWord name="cd" />
<KeyWord name="ceil" />
<KeyWord name="center" />
<KeyWord name="centerToFocus" />
<KeyWord name="centroid" />
<KeyWord name="cevian" />
<KeyWord name="change2" />
<KeyWord name="changecoordsys" />
<KeyWord name="chartreuse" />
<KeyWord name="checkSegment" />
<KeyWord name="check_fpt_zero" />
<KeyWord name="checkconditionlength" />
<KeyWord name="checker" />
<KeyWord name="checkincreasing" />
<KeyWord name="checklengths" />
<KeyWord name="checkposition" />
<KeyWord name="checkpt" />
<KeyWord name="checkptincube" />
<KeyWord name="checktriangle" />
<KeyWord name="choose" />
<KeyWord name="circle" />
<KeyWord name="circle" />
<KeyWord name="circlebarframe" />
<KeyWord name="circlemarkradius" />
<KeyWord name="circlemarkradiusfactor" />
<KeyWord name="circlenodesnumber" />
<KeyWord name="circlenodesnumberfactor" />
<KeyWord name="circleprecision" />
<KeyWord name="circlescale" />
<KeyWord name="circumcenter" />
<KeyWord name="circumcircle" />
<KeyWord name="clamped" />
<KeyWord name="clear" />
<KeyWord name="clip" />
<KeyWord name="clipdraw" />
<KeyWord name="close" />
<KeyWord name="cm" />
<KeyWord name="cmyk" />
<KeyWord name="code" />
<KeyWord name="codefile" />
<KeyWord name="codepen" />
<KeyWord name="codeskip" />
<KeyWord name="colatitude" />
<KeyWord name="collect" />
<KeyWord name="collinear" />
<KeyWord name="color" />
<KeyWord name="colorPen" />
<KeyWord name="coloredNodes" />
<KeyWord name="coloredSegments" />
<KeyWord name="colorless" />
<KeyWord name="colors" />
<KeyWord name="colorspace" />
<KeyWord name="comma" />
<KeyWord name="compassmark" />
<KeyWord name="complement" />
<KeyWord name="complementary" />
<KeyWord name="concat" />
<KeyWord name="concurrent" />
<KeyWord name="conditionlength" />
<KeyWord name="cone" />
<KeyWord name="conic" />
<KeyWord name="conic" />
<KeyWord name="conicnodesfactor" />
<KeyWord name="conicnodesnumber" />
<KeyWord name="conictype" />
<KeyWord name="conj" />
<KeyWord name="connect" />
<KeyWord name="containmentTree" />
<KeyWord name="contains" />
<KeyWord name="continue" />
<KeyWord name="contour" />
<KeyWord name="contour3" />
<KeyWord name="controlSpecifier" />
<KeyWord name="controls" />
<KeyWord name="convert" />
<KeyWord name="coord" />
<KeyWord name="coordinates" />
<KeyWord name="coordsys" />
<KeyWord name="coordsys" />
<KeyWord name="copy" />
<KeyWord name="copyPairOrTriple" />
<KeyWord name="cos" />
<KeyWord name="cosh" />
<KeyWord name="cot" />
<KeyWord name="count" />
<KeyWord name="countIntersections" />
<KeyWord name="cputime" />
<KeyWord name="cputime" />
<KeyWord name="cputimeformat" />
<KeyWord name="crop" />
<KeyWord name="cropcode" />
<KeyWord name="cross" />
<KeyWord name="crossframe" />
<KeyWord name="crosshatch" />
<KeyWord name="crossmarksize" />
<KeyWord name="crossmarksizefactor" />
<KeyWord name="csc" />
<KeyWord name="cubicroots" />
<KeyWord name="curabscissa" />
<KeyWord name="curl" />
<KeyWord name="curlSpecifier" />
<KeyWord name="curpoint" />
<KeyWord name="currentarrow" />
<KeyWord name="currentcoordsys" />
<KeyWord name="currentexitfunction" />
<KeyWord name="currentlight" />
<KeyWord name="currentmomarrow" />
<KeyWord name="currentpatterns" />
<KeyWord name="currentpen" />
<KeyWord name="currentpicture" />
<KeyWord name="currentpolarconicroutine" />
<KeyWord name="currentposition" />
<KeyWord name="currentprojection" />
<KeyWord name="curve" />
<KeyWord name="curvilinearsystem" />
<KeyWord name="cut" />
<KeyWord name="cutafter" />
<KeyWord name="cutbefore" />
<KeyWord name="cuttings" />
<KeyWord name="cyan" />
<KeyWord name="cycle" />
<KeyWord name="cyclic" />
<KeyWord name="cylinder" />
<KeyWord name="darkblue" />
<KeyWord name="darkbrown" />
<KeyWord name="darkcyan" />
<KeyWord name="darkgray" />
<KeyWord name="darkgreen" />
<KeyWord name="darkgrey" />
<KeyWord name="darkmagenta" />
<KeyWord name="darkolive" />
<KeyWord name="darkred" />
<KeyWord name="dashdotted" />
<KeyWord name="dashed" />
<KeyWord name="datepen" />
<KeyWord name="dateskip" />
<KeyWord name="deactivatequote" />
<KeyWord name="debugger" />
<KeyWord name="debuggerlines" />
<KeyWord name="debugging" />
<KeyWord name="deconstruct" />
<KeyWord name="deepblue" />
<KeyWord name="deepcyan" />
<KeyWord name="deepgray" />
<KeyWord name="deepgreen" />
<KeyWord name="deepgrey" />
<KeyWord name="deepmagenta" />
<KeyWord name="deepred" />
<KeyWord name="deepyellow" />
<KeyWord name="default" />
<KeyWord name="defaultControl" />
<KeyWord name="defaultS" />
<KeyWord name="defaultbackpen" />
<KeyWord name="defaultcoordsys" />
<KeyWord name="defaultdir" />
<KeyWord name="defaultexcursion" />
<KeyWord name="defaultfilename" />
<KeyWord name="defaultformat" />
<KeyWord name="defaultformat" />
<KeyWord name="defaultmassformat" />
<KeyWord name="defaultpen" />
<KeyWord name="defaultpen" />
<KeyWord name="defaultseparator" />
<KeyWord name="defined" />
<KeyWord name="degenerate" />
<KeyWord name="degrees" />
<KeyWord name="delete" />
<KeyWord name="deletepreamble" />
<KeyWord name="determinant" />
<KeyWord name="diagnostics" />
<KeyWord name="diagonal" />
<KeyWord name="diamond" />
<KeyWord name="diffdiv" />
<KeyWord name="differentlengths" />
<KeyWord name="dir" />
<KeyWord name="dirSpecifier" />
<KeyWord name="dirtime" />
<KeyWord name="display" />
<KeyWord name="distance" />
<KeyWord name="divisors" />
<KeyWord name="do" />
<KeyWord name="do_overpaint" />
<KeyWord name="dot" />
<KeyWord name="dot" />
<KeyWord name="dotfactor" />
<KeyWord name="dotframe" />
<KeyWord name="dotframe" />
<KeyWord name="dotsize" />
<KeyWord name="dotted" />
<KeyWord name="doublelinepen" />
<KeyWord name="doublelinespacing" />
<KeyWord name="down" />
<KeyWord name="downcase" />
<KeyWord name="draw" />
<KeyWord name="drawAll" />
<KeyWord name="drawDoubleLine" />
<KeyWord name="drawFermion" />
<KeyWord name="drawGhost" />
<KeyWord name="drawGluon" />
<KeyWord name="drawMomArrow" />
<KeyWord name="drawPRCcylinder" />
<KeyWord name="drawPRCdisk" />
<KeyWord name="drawPRCsphere" />
<KeyWord name="drawPRCtube" />
<KeyWord name="drawPhoton" />
<KeyWord name="drawScalar" />
<KeyWord name="drawVertex" />
<KeyWord name="drawVertexBox" />
<KeyWord name="drawVertexBoxO" />
<KeyWord name="drawVertexBoxX" />
<KeyWord name="drawVertexO" />
<KeyWord name="drawVertexOX" />
<KeyWord name="drawVertexTriangle" />
<KeyWord name="drawVertexTriangleO" />
<KeyWord name="drawVertexX" />
<KeyWord name="drawarrow" />
<KeyWord name="drawarrow2" />
<KeyWord name="drawbeziertriangle" />
<KeyWord name="drawline" />
<KeyWord name="drawpixel" />
<KeyWord name="drawstrokepath" />
<KeyWord name="drawtick" />
<KeyWord name="duplicate" />
<KeyWord name="duplicateFuzz" />
<KeyWord name="elle" />
<KeyWord name="ellipse" />
<KeyWord name="ellipse" />
<KeyWord name="ellipsenodesnumber" />
<KeyWord name="ellipsenodesnumberfactor" />
<KeyWord name="else" />
<KeyWord name="embed" />
<KeyWord name="embed3" />
<KeyWord name="embedplayer" />
<KeyWord name="empty" />
<KeyWord name="enclose" />
<KeyWord name="end" />
<KeyWord name="endScript" />
<KeyWord name="endclip" />
<KeyWord name="endgroup" />
<KeyWord name="endgroup3" />
<KeyWord name="endl" />
<KeyWord name="endpoint" />
<KeyWord name="endpoints" />
<KeyWord name="eof" />
<KeyWord name="eol" />
<KeyWord name="eps" />
<KeyWord name="epsgeo" />
<KeyWord name="epsilon" />
<KeyWord name="equation" />
<KeyWord name="equations" />
<KeyWord name="erase" />
<KeyWord name="erasestep" />
<KeyWord name="erf" />
<KeyWord name="erfc" />
<KeyWord name="error" />
<KeyWord name="errorbar" />
<KeyWord name="errorbars" />
<KeyWord name="eval" />
<KeyWord name="evaluatedpoint" />
<KeyWord name="evenodd" />
<KeyWord name="excenter" />
<KeyWord name="excircle" />
<KeyWord name="exit" />
<KeyWord name="exitXasyMode" />
<KeyWord name="exitfunction" />
<KeyWord name="exp" />
<KeyWord name="expansionfactor" />
<KeyWord name="expfactors" />
<KeyWord name="expi" />
<KeyWord name="explicit" />
<KeyWord name="expm1" />
<KeyWord name="exradius" />
<KeyWord name="extend" />
<KeyWord name="extendcap" />
<KeyWord name="extension" />
<KeyWord name="extouch" />
<KeyWord name="fabs" />
<KeyWord name="factorial" />
<KeyWord name="false" />
<KeyWord name="fermat" />
<KeyWord name="fermionpen" />
<KeyWord name="fft" />
<KeyWord name="fhorner" />
<KeyWord name="figure" />
<KeyWord name="figureborder" />
<KeyWord name="figuremattpen" />
<KeyWord name="file" />
<KeyWord name="file" />
<KeyWord name="file3" />
<KeyWord name="filecode" />
<KeyWord name="fill" />
<KeyWord name="filldraw" />
<KeyWord name="filloutside" />
<KeyWord name="fillrule" />
<KeyWord name="filltype" />
<KeyWord name="filltype" />
<KeyWord name="find" />
<KeyWord name="findroot" />
<KeyWord name="finite" />
<KeyWord name="finiteDifferenceJacobian" />
<KeyWord name="firstcut" />
<KeyWord name="firstframe" />
<KeyWord name="firstnode" />
<KeyWord name="firststep" />
<KeyWord name="fit" />
<KeyWord name="fit2" />
<KeyWord name="fixedscaling" />
<KeyWord name="floor" />
<KeyWord name="flush" />
<KeyWord name="fmdefaults" />
<KeyWord name="fmod" />
<KeyWord name="focusToCenter" />
<KeyWord name="font" />
<KeyWord name="fontcommand" />
<KeyWord name="fontsize" />
<KeyWord name="foot" />
<KeyWord name="for" />
<KeyWord name="foregroundcolor" />
<KeyWord name="format" />
<KeyWord name="frac" />
<KeyWord name="frame" />
<KeyWord name="frequency" />
<KeyWord name="from" />
<KeyWord name="fromCenter" />
<KeyWord name="fromFocus" />
<KeyWord name="fspline" />
<KeyWord name="fuchsia" />
<KeyWord name="functionshade" />
<KeyWord name="fuzz" />
<KeyWord name="gamma" />
<KeyWord name="gapfactor" />
<KeyWord name="generate_random_backtrace" />
<KeyWord name="generateticks" />
<KeyWord name="gergonne" />
<KeyWord name="getc" />
<KeyWord name="getint" />
<KeyWord name="getpair" />
<KeyWord name="getreal" />
<KeyWord name="getstring" />
<KeyWord name="gettriple" />
<KeyWord name="ghostpen" />
<KeyWord name="gluon" />
<KeyWord name="gluonamplitude" />
<KeyWord name="gluonpen" />
<KeyWord name="gluonratio" />
<KeyWord name="gouraudshade" />
<KeyWord name="graph" />
<KeyWord name="graphic" />
<KeyWord name="graphicscale" />
<KeyWord name="gray" />
<KeyWord name="gray" />
<KeyWord name="green" />
<KeyWord name="grestore" />
<KeyWord name="grey" />
<KeyWord name="grid" />
<KeyWord name="grid3" />
<KeyWord name="grid3" />
<KeyWord name="gsave" />
<KeyWord name="guide" />
<KeyWord name="halfbox" />
<KeyWord name="hatch" />
<KeyWord name="hatchepsilon" />
<KeyWord name="havepagenumber" />
<KeyWord name="hdiffdiv" />
<KeyWord name="heavyblue" />
<KeyWord name="heavycyan" />
<KeyWord name="heavygray" />
<KeyWord name="heavygreen" />
<KeyWord name="heavygrey" />
<KeyWord name="heavymagenta" />
<KeyWord name="heavyred" />
<KeyWord name="hermite" />
<KeyWord name="hex" />
<KeyWord name="histogram" />
<KeyWord name="history" />
<KeyWord name="hline" />
<KeyWord name="hline" />
<KeyWord name="horner" />
<KeyWord name="hprojection" />
<KeyWord name="hsv" />
<KeyWord name="hsv" />
<KeyWord name="hwratio" />
<KeyWord name="hyperbola" />
<KeyWord name="hyperbola" />
<KeyWord name="hyperbolanodesnumber" />
<KeyWord name="hyperbolanodesnumberfactor" />
<KeyWord name="hyperlink" />
<KeyWord name="hypot" />
<KeyWord name="identity" />
<KeyWord name="identity4" />
<KeyWord name="if" />
<KeyWord name="ignore" />
<KeyWord name="image" />
<KeyWord name="implicitsurface" />
<KeyWord name="import" />
<KeyWord name="inXasyMode" />
<KeyWord name="incenter" />
<KeyWord name="incentral" />
<KeyWord name="inch" />
<KeyWord name="inches" />
<KeyWord name="incircle" />
<KeyWord name="include" />
<KeyWord name="includegraphicscommand" />
<KeyWord name="increasing" />
<KeyWord name="incrementposition" />
<KeyWord name="indexedTransform" />
<KeyWord name="indexedTransform" />
<KeyWord name="indexedfigure" />
<KeyWord name="inf" />
<KeyWord name="infinity" />
<KeyWord name="initXasyMode" />
<KeyWord name="initdefaults" />
<KeyWord name="initialized" />
<KeyWord name="input" />
<KeyWord name="inradius" />
<KeyWord name="insert" />
<KeyWord name="inside" />
<KeyWord name="insphere" />
<KeyWord name="institutionpen" />
<KeyWord name="int" />
<KeyWord name="intMax" />
<KeyWord name="intMin" />
<KeyWord name="integrate" />
<KeyWord name="interactive" />
<KeyWord name="interior" />
<KeyWord name="interp" />
<KeyWord name="interpolate" />
<KeyWord name="intersect" />
<KeyWord name="intersection" />
<KeyWord name="intersectionpoint" />
<KeyWord name="intersectionpoints" />
<KeyWord name="intersections" />
<KeyWord name="intouch" />
<KeyWord name="inverse" />
<KeyWord name="inversion" />
<KeyWord name="inversion" />
<KeyWord name="invert" />
<KeyWord name="invisible" />
<KeyWord name="invisible" />
<KeyWord name="is3D" />
<KeyWord name="isDuplicate" />
<KeyWord name="isnan" />
<KeyWord name="isogonal" />
<KeyWord name="isogonalconjugate" />
<KeyWord name="isotomic" />
<KeyWord name="isotomicconjugate" />
<KeyWord name="isparabola" />
<KeyWord name="italic" />
<KeyWord name="item" />
<KeyWord name="itempen" />
<KeyWord name="itemskip" />
<KeyWord name="itemstep" />
<KeyWord name="jobname" />
<KeyWord name="key" />
<KeyWord name="key" />
<KeyWord name="kurtosis" />
<KeyWord name="kurtosisexcess" />
<KeyWord name="label" />
<KeyWord name="labelaxis" />
<KeyWord name="labelmargin" />
<KeyWord name="labelmargin" />
<KeyWord name="labelpath" />
<KeyWord name="labels" />
<KeyWord name="labeltick" />
<KeyWord name="labelx" />
<KeyWord name="labelx3" />
<KeyWord name="labely" />
<KeyWord name="labely3" />
<KeyWord name="labelz" />
<KeyWord name="labelz3" />
<KeyWord name="landscape" />
<KeyWord name="lastcut" />
<KeyWord name="lastnode" />
<KeyWord name="latex" />
<KeyWord name="latitude" />
<KeyWord name="latticeshade" />
<KeyWord name="layer" />
<KeyWord name="layout" />
<KeyWord name="ldexp" />
<KeyWord name="leastsquares" />
<KeyWord name="left" />
<KeyWord name="legend" />
<KeyWord name="legendhskip" />
<KeyWord name="legenditem" />
<KeyWord name="legendlinelength" />
<KeyWord name="legendmargin" />
<KeyWord name="legendmarkersize" />
<KeyWord name="legendmaxrelativewidth" />
<KeyWord name="legendvskip" />
<KeyWord name="length" />
<KeyWord name="lexorder" />
<KeyWord name="lift" />
<KeyWord name="light" />
<KeyWord name="light" />
<KeyWord name="lightblue" />
<KeyWord name="lightcyan" />
<KeyWord name="lightgray" />
<KeyWord name="lightgreen" />
<KeyWord name="lightgrey" />
<KeyWord name="lightmagenta" />
<KeyWord name="lightolive" />
<KeyWord name="lightred" />
<KeyWord name="lightyellow" />
<KeyWord name="limits" />
<KeyWord name="line" />
<KeyWord name="line" />
<KeyWord name="linear" />
<KeyWord name="linecap" />
<KeyWord name="linefit" />
<KeyWord name="lineinversion" />
<KeyWord name="linejoin" />
<KeyWord name="linemargin" />
<KeyWord name="linemargin" />
<KeyWord name="lineskip" />
<KeyWord name="linetype" />
<KeyWord name="linewidth" />
<KeyWord name="link" />
<KeyWord name="list" />
<KeyWord name="lm_enorm" />
<KeyWord name="lm_evaluate_default" />
<KeyWord name="lm_infmsg" />
<KeyWord name="lm_lmdif" />
<KeyWord name="lm_lmpar" />
<KeyWord name="lm_minimize" />
<KeyWord name="lm_print_default" />
<KeyWord name="lm_print_quiet" />
<KeyWord name="lm_qrfac" />
<KeyWord name="lm_qrsolv" />
<KeyWord name="lm_shortmsg" />
<KeyWord name="locale" />
<KeyWord name="locate" />
<KeyWord name="locatefile" />
<KeyWord name="location" />
<KeyWord name="log" />
<KeyWord name="log10" />
<KeyWord name="log1p" />
<KeyWord name="logaxiscoverage" />
<KeyWord name="longdashdotted" />
<KeyWord name="longdashed" />
<KeyWord name="longitude" />
<KeyWord name="lookup" />
<KeyWord name="magenta" />
<KeyWord name="magneticRadius" />
<KeyWord name="make3dgrid" />
<KeyWord name="makeNode" />
<KeyWord name="makecircle" />
<KeyWord name="makedraw" />
<KeyWord name="makepen" />
<KeyWord name="maketriangle" />
<KeyWord name="mantissaBits" />
<KeyWord name="map" />
<KeyWord name="margin" />
<KeyWord name="marginT" />
<KeyWord name="markangle" />
<KeyWord name="markangleradius" />
<KeyWord name="markangleradius" />
<KeyWord name="markangleradiusfactor" />
<KeyWord name="markanglespace" />
<KeyWord name="markanglespace" />
<KeyWord name="markanglespacefactor" />
<KeyWord name="markarc" />
<KeyWord name="marker" />
<KeyWord name="marker" />
<KeyWord name="markinterval" />
<KeyWord name="marknodes" />
<KeyWord name="markrightangle" />
<KeyWord name="markthin" />
<KeyWord name="markuniform" />
<KeyWord name="mass" />
<KeyWord name="mass" />
<KeyWord name="masscenter" />
<KeyWord name="massformat" />
<KeyWord name="math" />
<KeyWord name="max" />
<KeyWord name="max3" />
<KeyWord name="maxAfterTransform" />
<KeyWord name="maxbezier" />
<KeyWord name="maxbound" />
<KeyWord name="maxcoords" />
<KeyWord name="maxlength" />
<KeyWord name="maxratio" />
<KeyWord name="maxrefinements" />
<KeyWord name="maxtimes" />
<KeyWord name="mean" />
<KeyWord name="medial" />
<KeyWord name="median" />
<KeyWord name="mediumblue" />
<KeyWord name="mediumcyan" />
<KeyWord name="mediumgray" />
<KeyWord name="mediumgreen" />
<KeyWord name="mediumgrey" />
<KeyWord name="mediummagenta" />
<KeyWord name="mediumred" />
<KeyWord name="mediumyellow" />
<KeyWord name="middle" />
<KeyWord name="midpoint" />
<KeyWord name="min" />
<KeyWord name="min3" />
<KeyWord name="minAfterTransform" />
<KeyWord name="minDistDefault" />
<KeyWord name="minbezier" />
<KeyWord name="minblockheight" />
<KeyWord name="minblockwidth" />
<KeyWord name="minbound" />
<KeyWord name="mincirclediameter" />
<KeyWord name="minipage" />
<KeyWord name="minipagemargin" />
<KeyWord name="minipagewidth" />
<KeyWord name="minratio" />
<KeyWord name="mintimes" />
<KeyWord name="minvertexangle" />
<KeyWord name="miterjoin" />
<KeyWord name="miterlimit" />
<KeyWord name="mktemp" />
<KeyWord name="mm" />
<KeyWord name="momArrowPath" />
<KeyWord name="momarrowfactor" />
<KeyWord name="momarrowlength" />
<KeyWord name="momarrowmargin" />
<KeyWord name="momarrowoffset" />
<KeyWord name="momarrowpen" />
<KeyWord name="momarrowsize" />
<KeyWord name="monoPen" />
<KeyWord name="monotonic" />
<KeyWord name="morepoints" />
<KeyWord name="multifigure" />
<KeyWord name="nCircle" />
<KeyWord name="nGrad" />
<KeyWord name="nan" />
<KeyWord name="nativeformat" />
<KeyWord name="natural" />
<KeyWord name="needshipout" />
<KeyWord name="new" />
<KeyWord name="newbulletcolor" />
<KeyWord name="newframe" />
<KeyWord name="newl" />
<KeyWord name="newpage" />
<KeyWord name="newslide" />
<KeyWord name="newton" />
<KeyWord name="newtree" />
<KeyWord name="nextframe" />
<KeyWord name="nextnormal" />
<KeyWord name="nextpage" />
<KeyWord name="ngraph" />
<KeyWord name="nib" />
<KeyWord name="nil" />
<KeyWord name="nmesh" />
<KeyWord name="nobasealign" />
<KeyWord name="nodabscissa" />
<KeyWord name="nodeMarginDefault" />
<KeyWord name="nodesystem" />
<KeyWord name="nomarker" />
<KeyWord name="none" />
<KeyWord name="nopoint" />
<KeyWord name="noprimary" />
<KeyWord name="norm" />
<KeyWord name="normalout" />
<KeyWord name="normalvideo" />
<KeyWord name="nosetpagesize" />
<KeyWord name="notaknot" />
<KeyWord name="nowarn" />
<KeyWord name="null" />
<KeyWord name="nullpath" />
<KeyWord name="nullpen" />
<KeyWord name="numarray" />
<KeyWord name="numberpage" />
<KeyWord name="nurb" />
<KeyWord name="object" />
<KeyWord name="object" />
<KeyWord name="ocgindex" />
<KeyWord name="offset" />
<KeyWord name="oldbulletcolor" />
<KeyWord name="olive" />
<KeyWord name="onpath" />
<KeyWord name="opacity" />
<KeyWord name="operator" />
<KeyWord name="opposite" />
<KeyWord name="orange" />
<KeyWord name="orient" />
<KeyWord name="orientation" />
<KeyWord name="origin" />
<KeyWord name="origin" />
<KeyWord name="orthic" />
<KeyWord name="orthocentercenter" />
<KeyWord name="outformat" />
<KeyWord name="outline" />
<KeyWord name="outname" />
<KeyWord name="outprefix" />
<KeyWord name="output" />
<KeyWord name="overloadedMessage" />
<KeyWord name="overpaint" />
<KeyWord name="overwrite" />
<KeyWord name="pack" />
<KeyWord name="pad" />
<KeyWord name="page" />
<KeyWord name="pageheight" />
<KeyWord name="pagemargin" />
<KeyWord name="pagenumberalign" />
<KeyWord name="pagenumberpen" />
<KeyWord name="pagenumberposition" />
<KeyWord name="pagewidth" />
<KeyWord name="pair" />
<KeyWord name="pairs" />
<KeyWord name="paleblue" />
<KeyWord name="palecyan" />
<KeyWord name="palegray" />
<KeyWord name="palegreen" />
<KeyWord name="palegrey" />
<KeyWord name="palemagenta" />
<KeyWord name="palered" />
<KeyWord name="palette" />
<KeyWord name="paleyellow" />
<KeyWord name="parabola" />
<KeyWord name="parabola" />
<KeyWord name="parabolanodesnumber" />
<KeyWord name="parabolanodesnumberfactor" />
<KeyWord name="parallel" />
<KeyWord name="parallelogram" />
<KeyWord name="partialsum" />
<KeyWord name="patch" />
<KeyWord name="patchwithnormals" />
<KeyWord name="path" />
<KeyWord name="path" />
<KeyWord name="path3" />
<KeyWord name="path3" />
<KeyWord name="pathbetween" />
<KeyWord name="pathinface" />
<KeyWord name="pattern" />
<KeyWord name="pause" />
<KeyWord name="pdf" />
<KeyWord name="pedal" />
<KeyWord name="pen" />
<KeyWord name="periodic" />
<KeyWord name="perp" />
<KeyWord name="perpendicular" />
<KeyWord name="perpendicularmark" />
<KeyWord name="perpfactor" />
<KeyWord name="phantom" />
<KeyWord name="phi" />
<KeyWord name="phi1" />
<KeyWord name="phi2" />
<KeyWord name="phi3" />
<KeyWord name="photon" />
<KeyWord name="photonamplitude" />
<KeyWord name="photonpen" />
<KeyWord name="photonratio" />
<KeyWord name="pi" />
<KeyWord name="picture" />
<KeyWord name="piecewisestraight" />
<KeyWord name="pink" />
<KeyWord name="plain" />
<KeyWord name="plain_bounds" />
<KeyWord name="plain_scaling" />
<KeyWord name="plus" />
<KeyWord name="point" />
<KeyWord name="point" />
<KeyWord name="polar" />
<KeyWord name="polarconicroutine" />
<KeyWord name="polargraph" />
<KeyWord name="polygon" />
<KeyWord name="position" />
<KeyWord name="positionedvector" />
<KeyWord name="postcontrol" />
<KeyWord name="postscript" />
<KeyWord name="pow10" />
<KeyWord name="ppoint" />
<KeyWord name="prc" />
<KeyWord name="prc0" />
<KeyWord name="prconly" />
<KeyWord name="preamblenodes" />
<KeyWord name="precision" />
<KeyWord name="precontrol" />
<KeyWord name="prepend" />
<KeyWord name="printBytecode" />
<KeyWord name="print_random_addresses" />
<KeyWord name="private" />
<KeyWord name="progress" />
<KeyWord name="project" />
<KeyWord name="projection" />
<KeyWord name="projection" />
<KeyWord name="projecttospan" />
<KeyWord name="projecttospan_findcoeffs" />
<KeyWord name="pt" />
<KeyWord name="public" />
<KeyWord name="purge" />
<KeyWord name="purple" />
<KeyWord name="pwhermite" />
<KeyWord name="quadpatches" />
<KeyWord name="quadrant" />
<KeyWord name="quadraticroots" />
<KeyWord name="quantize" />
<KeyWord name="quarticroots" />
<KeyWord name="quote" />
<KeyWord name="quotient" />
<KeyWord name="r3" />
<KeyWord name="r4a" />
<KeyWord name="r4b" />
<KeyWord name="radialshade" />
<KeyWord name="radians" />
<KeyWord name="radicalcenter" />
<KeyWord name="radicalline" />
<KeyWord name="radius" />
<KeyWord name="rand" />
<KeyWord name="randMax" />
<KeyWord name="randompath" />
<KeyWord name="rd" />
<KeyWord name="readline" />
<KeyWord name="real" />
<KeyWord name="realDigits" />
<KeyWord name="realEpsilon" />
<KeyWord name="realMax" />
<KeyWord name="realMin" />
<KeyWord name="realmult" />
<KeyWord name="realquarticroots" />
<KeyWord name="rectangle" />
<KeyWord name="rectangular" />
<KeyWord name="rectify" />
<KeyWord name="red" />
<KeyWord name="reflect" />
<KeyWord name="relabscissa" />
<KeyWord name="relative" />
<KeyWord name="relativedistance" />
<KeyWord name="relativesystem" />
<KeyWord name="reldir" />
<KeyWord name="relpoint" />
<KeyWord name="reltime" />
<KeyWord name="remainder" />
<KeyWord name="remark" />
<KeyWord name="removeDuplicates" />
<KeyWord name="rename" />
<KeyWord name="replace" />
<KeyWord name="report" />
<KeyWord name="resetdefaultpen" />
<KeyWord name="restore" />
<KeyWord name="restoredefaults" />
<KeyWord name="restricted" />
<KeyWord name="return" />
<KeyWord name="reverse" />
<KeyWord name="reverse" />
<KeyWord name="reversevideo" />
<KeyWord name="revolution" />
<KeyWord name="rf" />
<KeyWord name="rfind" />
<KeyWord name="rgb" />
<KeyWord name="rgba" />
<KeyWord name="rgbint" />
<KeyWord name="right" />
<KeyWord name="rms" />
<KeyWord name="rotate" />
<KeyWord name="rotateO" />
<KeyWord name="rotation" />
<KeyWord name="round" />
<KeyWord name="roundbox" />
<KeyWord name="roundcap" />
<KeyWord name="roundedpath" />
<KeyWord name="roundjoin" />
<KeyWord name="roundrectangle" />
<KeyWord name="royalblue" />
<KeyWord name="salmon" />
<KeyWord name="samecoordsys" />
<KeyWord name="sameside" />
<KeyWord name="sample" />
<KeyWord name="save" />
<KeyWord name="saveFunctions" />
<KeyWord name="savedefaults" />
<KeyWord name="saveline" />
<KeyWord name="scalarpen" />
<KeyWord name="scale" />
<KeyWord name="scale3" />
<KeyWord name="scaleO" />
<KeyWord name="scaleT" />
<KeyWord name="scaleT" />
<KeyWord name="scaleless" />
<KeyWord name="scientific" />
<KeyWord name="scientific" />
<KeyWord name="search" />
<KeyWord name="searchtree" />
<KeyWord name="sec" />
<KeyWord name="secondaryX" />
<KeyWord name="secondaryY" />
<KeyWord name="seconds" />
<KeyWord name="section" />
<KeyWord name="sector" />
<KeyWord name="seek" />
<KeyWord name="seekeof" />
<KeyWord name="segment" />
<KeyWord name="segment" />
<KeyWord name="segmentlimits" />
<KeyWord name="sequence" />
<KeyWord name="sequencereal" />
<KeyWord name="setpens" />
<KeyWord name="settings" />
<KeyWord name="sgn" />
<KeyWord name="sgnd" />
<KeyWord name="sharpangle" />
<KeyWord name="sharpdegrees" />
<KeyWord name="shift" />
<KeyWord name="shiftless" />
<KeyWord name="shipout" />
<KeyWord name="shipout3" />
<KeyWord name="shipped" />
<KeyWord name="show" />
<KeyWord name="side" />
<KeyWord name="signedtrailingzero" />
<KeyWord name="simeq" />
<KeyWord name="simpson" />
<KeyWord name="sin" />
<KeyWord name="sinh" />
<KeyWord name="size" />
<KeyWord name="size3" />
<KeyWord name="skewness" />
<KeyWord name="skip" />
<KeyWord name="slant" />
<KeyWord name="sleep" />
<KeyWord name="slice" />
<KeyWord name="slice" />
<KeyWord name="slope" />
<KeyWord name="slopefield" />
<KeyWord name="solid" />
<KeyWord name="solution" />
<KeyWord name="solve" />
<KeyWord name="solveBVP" />
<KeyWord name="sort" />
<KeyWord name="sourceline" />
<KeyWord name="sphere" />
<KeyWord name="spinner" />
<KeyWord name="split" />
<KeyWord name="splitface" />
<KeyWord name="springgreen" />
<KeyWord name="sqrt" />
<KeyWord name="sqrtEpsilon" />
<KeyWord name="square" />
<KeyWord name="squarecap" />
<KeyWord name="squarepen" />
<KeyWord name="srand" />
<KeyWord name="standardizecoordsys" />
<KeyWord name="startScript" />
<KeyWord name="startposition" />
<KeyWord name="static" />
<KeyWord name="stdev" />
<KeyWord name="stdin" />
<KeyWord name="stdout" />
<KeyWord name="step" />
<KeyWord name="stepfactor" />
<KeyWord name="stepfraction" />
<KeyWord name="steppagenumberpen" />
<KeyWord name="stepping" />
<KeyWord name="stickframe" />
<KeyWord name="stickframe" />
<KeyWord name="stickmarksize" />
<KeyWord name="stickmarksizefactor" />
<KeyWord name="stickmarkspace" />
<KeyWord name="stickmarkspacefactor" />
<KeyWord name="stop" />
<KeyWord name="straight" />
<KeyWord name="straightness" />
<KeyWord name="string" />
<KeyWord name="string" />
<KeyWord name="stripdirectory" />
<KeyWord name="stripextension" />
<KeyWord name="stripfile" />
<KeyWord name="stripsuffix" />
<KeyWord name="strokepath" />
<KeyWord name="struct" />
<KeyWord name="subdivide" />
<KeyWord name="subitem" />
<KeyWord name="subpath" />
<KeyWord name="substr" />
<KeyWord name="sum" />
<KeyWord name="surface" />
<KeyWord name="surface" />
<KeyWord name="swap" />
<KeyWord name="symmedial" />
<KeyWord name="symmedian" />
<KeyWord name="system" />
<KeyWord name="tab" />
<KeyWord name="tableau" />
<KeyWord name="tan" />
<KeyWord name="tangent" />
<KeyWord name="tangential" />
<KeyWord name="tangents" />
<KeyWord name="tanh" />
<KeyWord name="tell" />
<KeyWord name="tension" />
<KeyWord name="tensionSpecifier" />
<KeyWord name="tensionSpecifier" />
<KeyWord name="tensorshade" />
<KeyWord name="tex" />
<KeyWord name="texcolor" />
<KeyWord name="texify" />
<KeyWord name="texpath" />
<KeyWord name="texpreamble" />
<KeyWord name="texreset" />
<KeyWord name="texshipout" />
<KeyWord name="texsize" />
<KeyWord name="textpath" />
<KeyWord name="textpen" />
<KeyWord name="thick" />
<KeyWord name="thin" />
<KeyWord name="this" />
<KeyWord name="tick" />
<KeyWord name="tickMax" />
<KeyWord name="tickMax3" />
<KeyWord name="tickMin" />
<KeyWord name="tickMin3" />
<KeyWord name="ticklabelshift" />
<KeyWord name="ticklocate" />
<KeyWord name="ticklocate" />
<KeyWord name="ticksgridT" />
<KeyWord name="ticksize" />
<KeyWord name="tickvalues" />
<KeyWord name="tildeframe" />
<KeyWord name="tildeframe" />
<KeyWord name="tildemarksize" />
<KeyWord name="tildemarksizefactor" />
<KeyWord name="tile" />
<KeyWord name="tiling" />
<KeyWord name="time" />
<KeyWord name="times" />
<KeyWord name="tinv" />
<KeyWord name="title" />
<KeyWord name="titlealign" />
<KeyWord name="titlepage" />
<KeyWord name="titlepagepen" />
<KeyWord name="titlepageposition" />
<KeyWord name="titlepen" />
<KeyWord name="titleskip" />
<KeyWord name="top" />
<KeyWord name="topbox" />
<KeyWord name="trailingzero" />
<KeyWord name="transform" />
<KeyWord name="transform" />
<KeyWord name="transformation" />
<KeyWord name="transformation" />
<KeyWord name="transpose" />
<KeyWord name="tree" />
<KeyWord name="treeLevelStep" />
<KeyWord name="treeMinNodeWidth" />
<KeyWord name="treeNodeStep" />
<KeyWord name="trembleAngle" />
<KeyWord name="trembleFrequency" />
<KeyWord name="trembleFuzz" />
<KeyWord name="trembleRandom" />
<KeyWord name="triangle" />
<KeyWord name="triangle" />
<KeyWord name="triangleAbc" />
<KeyWord name="triangleabc" />
<KeyWord name="triangletoquads" />
<KeyWord name="trianglewithnormals" />
<KeyWord name="triangulate" />
<KeyWord name="tricoef" />
<KeyWord name="tridiagonal" />
<KeyWord name="trilinear" />
<KeyWord name="trilinear" />
<KeyWord name="trim" />
<KeyWord name="triple" />
<KeyWord name="true" />
<KeyWord name="truepoint" />
<KeyWord name="tube" />
<KeyWord name="typedef" />
<KeyWord name="uncycle" />
<KeyWord name="undefined" />
<KeyWord name="unfill" />
<KeyWord name="uniform" />
<KeyWord name="unique" />
<KeyWord name="unit" />
<KeyWord name="unitcircle" />
<KeyWord name="unitrand" />
<KeyWord name="unitsize" />
<KeyWord name="unitsquare" />
<KeyWord name="unityroot" />
<KeyWord name="unravel" />
<KeyWord name="unstraighten" />
<KeyWord name="up" />
<KeyWord name="upcase" />
<KeyWord name="updatefunction" />
<KeyWord name="uperiodic" />
<KeyWord name="upscale" />
<KeyWord name="uptodate" />
<KeyWord name="urlpen" />
<KeyWord name="urlskip" />
<KeyWord name="usepackage" />
<KeyWord name="usersetting" />
<KeyWord name="usetypescript" />
<KeyWord name="usleep" />
<KeyWord name="value" />
<KeyWord name="variance" />
<KeyWord name="variancebiased" />
<KeyWord name="vbox" />
<KeyWord name="vector" />
<KeyWord name="vector" />
<KeyWord name="vectorfield" />
<KeyWord name="verbatim" />
<KeyWord name="version" />
<KeyWord name="vertex" />
<KeyWord name="vertexpen" />
<KeyWord name="vertexsize" />
<KeyWord name="view" />
<KeyWord name="viewportmargin" />
<KeyWord name="viewportsize" />
<KeyWord name="vline" />
<KeyWord name="vline" />
<KeyWord name="void" />
<KeyWord name="vperiodic" />
<KeyWord name="vprojection" />
<KeyWord name="warn" />
<KeyWord name="warning" />
<KeyWord name="while" />
<KeyWord name="white" />
<KeyWord name="windingnumber" />
<KeyWord name="write" />
<KeyWord name="wye" />
<KeyWord name="xaxis" />
<KeyWord name="xaxis3" />
<KeyWord name="xaxis3At" />
<KeyWord name="xaxisAt" />
<KeyWord name="xequals" />
<KeyWord name="xformStack" />
<KeyWord name="xlimits" />
<KeyWord name="xpart" />
<KeyWord name="xscale" />
<KeyWord name="xscaleO" />
<KeyWord name="xtick" />
<KeyWord name="xtick3" />
<KeyWord name="xtrans" />
<KeyWord name="yaxis" />
<KeyWord name="yaxis3" />
<KeyWord name="yaxis3At" />
<KeyWord name="yaxisAt" />
<KeyWord name="yellow" />
<KeyWord name="yequals" />
<KeyWord name="ylabelwidth" />
<KeyWord name="ylimits" />
<KeyWord name="ypart" />
<KeyWord name="yscale" />
<KeyWord name="yscaleO" />
<KeyWord name="ytick" />
<KeyWord name="ytick3" />
<KeyWord name="ytrans" />
<KeyWord name="zaxis3" />
<KeyWord name="zaxis3At" />
<KeyWord name="zero" />
<KeyWord name="zerotickfuzz" />
<KeyWord name="zerowinding" />
<KeyWord name="zlimits" />
<KeyWord name="zpart" />
<KeyWord name="ztick" />
<KeyWord name="ztick3" />
<KeyWord name="ztrans" />
</AutoComplete>
</NotepadPlus>
